[ {
  "@id" : "http://data.cochrane.org/ontologies/core/",
  "@type" : [ "http://www.w3.org/2002/07/owl#Ontology" ],
  "http://purl.org/dc/elements/1.1/abstract" : [ {
    "@language" : "en",
    "@value" : "The Cochrane Core ontology describes the entities and concepts that exist in the domain of evidence based healthcare.\n    It is used for the construction of the Cochrane Linked Data Vocabulary containing some 400k terms including Interventions (Drugs, Procedures etc), Populations (Age, Sex, Condition), and clinical Outcomes"
  } ],
  "http://purl.org/dc/elements/1.1/creator" : [ {
    "@value" : "Chris Mavergames"
  }, {
    "@value" : "Julian Everett"
  }, {
    "@value" : "Lorne Becker"
  }, {
    "@value" : "Paul Wilton"
  }, {
    "@value" : "Silver Oliver"
  } ],
  "http://purl.org/dc/elements/1.1/publisher" : [ {
    "@value" : "Cochrane"
  } ],
  "http://purl.org/dc/terms/created" : [ {
    "@type" : "http://www.w3.org/2001/XMLSchema#date",
    "@value" : "2014-02-06"
  } ],
  "http://purl.org/dc/terms/description" : [ {
    "@language" : "en",
    "@value" : "The Cochrane Core ontology describes the entities and concepts that exist in the domain of evidence based healthcare."
  } ],
  "http://purl.org/dc/terms/modified" : [ {
    "@type" : "http://www.w3.org/2001/XMLSchema#date",
    "@value" : "2019-09-06"
  } ],
  "http://purl.org/dc/terms/rights" : [ {
    "@language" : "en",
    "@value" : "Copyright Cochrane 2020. Creative Commons License: CC BY-NC-ND : Attribution-NonCommercial-NoDerivs : https://creativecommons.org/licenses/by-nc-nd/4.0"
  } ],
  "http://purl.org/dc/terms/title" : [ {
    "@language" : "en",
    "@value" : "Cochrane Core Vocabulary Ontology"
  } ],
  "http://purl.org/vocab/vann/preferredNamespacePrefix" : [ {
    "@value" : "cc"
  } ],
  "http://purl.org/vocab/vann/preferredNamespaceUri" : [ {
    "@value" : "http://data.cochrane.org/ontologies/core/"
  } ],
  "http://schema.org/image" : [ {
    "@value" : "https://data.cochrane.org/ontologies/pico/PICO-ontology.png"
  } ],
  "http://www.w3.org/2000/01/rdf-schema#comment" : [ {
    "@language" : "en",
    "@value" : "The Cochrane Core ontology describes the entities and concepts that exist in the domain of evidence based healthcare."
  } ],
  "http://www.w3.org/2002/07/owl#versionInfo" : [ {
    "@value" : "2.0.1"
  } ]
}, {
  "@id" : "http://data.cochrane.org/ontologies/core/Age",
  "@type" : [ "http://www.w3.org/2002/07/owl#Class" ],
  "http://www.w3.org/2000/01/rdf-schema#comment" : [ {
    "@language" : "en",
    "@value" : "A Age of some defined population."
  } ],
  "http://www.w3.org/2000/01/rdf-schema#isDefinedBy" : [ {
    "@id" : "http://data.cochrane.org/ontologies/core/"
  } ],
  "http://www.w3.org/2000/01/rdf-schema#label" : [ {
    "@language" : "en",
    "@value" : "Age"
  } ],
  "http://www.w3.org/2000/01/rdf-schema#subClassOf" : [ {
    "@id" : "http://data.cochrane.org/ontologies/core/Concept"
  } ]
}, {
  "@id" : "http://data.cochrane.org/ontologies/core/AggregationMethod",
  "@type" : [ "http://www.w3.org/2002/07/owl#Class" ],
  "http://www.w3.org/2000/01/rdf-schema#comment" : [ {
    "@language" : "en",
    "@value" : "An Aggregation method used in defining an outcome."
  } ],
  "http://www.w3.org/2000/01/rdf-schema#isDefinedBy" : [ {
    "@id" : "http://data.cochrane.org/ontologies/core/"
  } ],
  "http://www.w3.org/2000/01/rdf-schema#label" : [ {
    "@language" : "en",
    "@value" : "AggregationMethod"
  } ],
  "http://www.w3.org/2000/01/rdf-schema#subClassOf" : [ {
    "@id" : "http://data.cochrane.org/ontologies/core/Concept"
  } ]
}, {
  "@id" : "http://data.cochrane.org/ontologies/core/AppliedIntervention",
  "@type" : [ "http://www.w3.org/2002/07/owl#Class" ],
  "http://www.w3.org/2000/01/rdf-schema#comment" : [ {
    "@language" : "en",
    "@value" : "Am applied intervention used to treat some condition"
  } ],
  "http://www.w3.org/2000/01/rdf-schema#isDefinedBy" : [ {
    "@id" : "http://data.cochrane.org/ontologies/core/"
  } ],
  "http://www.w3.org/2000/01/rdf-schema#label" : [ {
    "@language" : "en",
    "@value" : "AppliedIntervention"
  } ],
  "http://www.w3.org/2000/01/rdf-schema#subClassOf" : [ {
    "@id" : "http://data.cochrane.org/ontologies/core/Concept"
  } ]
}, {
  "@id" : "http://data.cochrane.org/ontologies/core/AssessmentScale",
  "@type" : [ "http://www.w3.org/2002/07/owl#Class" ],
  "http://www.w3.org/2000/01/rdf-schema#comment" : [ {
    "@language" : "en",
    "@value" : "An AssessmentScale that an outcome is measured against."
  } ],
  "http://www.w3.org/2000/01/rdf-schema#isDefinedBy" : [ {
    "@id" : "http://data.cochrane.org/ontologies/core/"
  } ],
  "http://www.w3.org/2000/01/rdf-schema#label" : [ {
    "@language" : "en",
    "@value" : "AssessmentScale"
  } ],
  "http://www.w3.org/2000/01/rdf-schema#subClassOf" : [ {
    "@id" : "http://data.cochrane.org/ontologies/core/Concept"
  } ]
}, {
  "@id" : "http://data.cochrane.org/ontologies/core/Concept",
  "@type" : [ "http://www.w3.org/2002/07/owl#Class" ],
  "http://www.w3.org/2000/01/rdf-schema#comment" : [ {
    "@language" : "en",
    "@value" : "A vocabulary concept"
  } ],
  "http://www.w3.org/2000/01/rdf-schema#isDefinedBy" : [ {
    "@id" : "http://data.cochrane.org/ontologies/core/"
  } ],
  "http://www.w3.org/2000/01/rdf-schema#label" : [ {
    "@language" : "en",
    "@value" : "Concept"
  } ],
  "http://www.w3.org/2000/01/rdf-schema#subClassOf" : [ {
    "@id" : "http://data.cochrane.org/ontologies/core/Thing"
  } ]
}, {
  "@id" : "http://data.cochrane.org/ontologies/core/ConceptScheme",
  "@type" : [ "http://www.w3.org/2002/07/owl#Class" ],
  "http://www.w3.org/2000/01/rdf-schema#comment" : [ {
    "@language" : "en",
    "@value" : "A scheme that a concept exists within"
  } ],
  "http://www.w3.org/2000/01/rdf-schema#isDefinedBy" : [ {
    "@id" : "http://data.cochrane.org/ontologies/core/"
  } ],
  "http://www.w3.org/2000/01/rdf-schema#label" : [ {
    "@language" : "en",
    "@value" : "ConceptScheme"
  } ],
  "http://www.w3.org/2000/01/rdf-schema#subClassOf" : [ {
    "@id" : "http://data.cochrane.org/ontologies/core/Thing"
  } ]
}, {
  "@id" : "http://data.cochrane.org/ontologies/core/Condition",
  "@type" : [ "http://www.w3.org/2002/07/owl#Class" ],
  "http://www.w3.org/2000/01/rdf-schema#comment" : [ {
    "@language" : "en",
    "@value" : "A Condition of some defined population."
  } ],
  "http://www.w3.org/2000/01/rdf-schema#isDefinedBy" : [ {
    "@id" : "http://data.cochrane.org/ontologies/core/"
  } ],
  "http://www.w3.org/2000/01/rdf-schema#label" : [ {
    "@language" : "en",
    "@value" : "Condition"
  } ],
  "http://www.w3.org/2000/01/rdf-schema#subClassOf" : [ {
    "@id" : "http://data.cochrane.org/ontologies/core/Concept"
  } ]
}, {
  "@id" : "http://data.cochrane.org/ontologies/core/Device",
  "@type" : [ "http://www.w3.org/2002/07/owl#Class" ],
  "http://www.w3.org/2000/01/rdf-schema#comment" : [ {
    "@language" : "en",
    "@value" : "A Device used as intervention"
  } ],
  "http://www.w3.org/2000/01/rdf-schema#isDefinedBy" : [ {
    "@id" : "http://data.cochrane.org/ontologies/core/"
  } ],
  "http://www.w3.org/2000/01/rdf-schema#label" : [ {
    "@language" : "en",
    "@value" : "Device"
  } ],
  "http://www.w3.org/2000/01/rdf-schema#subClassOf" : [ {
    "@id" : "http://data.cochrane.org/ontologies/core/Material"
  } ]
}, {
  "@id" : "http://data.cochrane.org/ontologies/core/DeviceCategory",
  "@type" : [ "http://www.w3.org/2002/07/owl#Class" ],
  "http://www.w3.org/2000/01/rdf-schema#comment" : [ {
    "@language" : "en",
    "@value" : "A category or class of Device"
  } ],
  "http://www.w3.org/2000/01/rdf-schema#isDefinedBy" : [ {
    "@id" : "http://data.cochrane.org/ontologies/core/"
  } ],
  "http://www.w3.org/2000/01/rdf-schema#label" : [ {
    "@language" : "en",
    "@value" : "DeviceCategory"
  } ],
  "http://www.w3.org/2000/01/rdf-schema#subClassOf" : [ {
    "@id" : "http://data.cochrane.org/ontologies/core/InterventionCategory"
  } ]
}, {
  "@id" : "http://data.cochrane.org/ontologies/core/Drug",
  "@type" : [ "http://www.w3.org/2002/07/owl#Class" ],
  "http://www.w3.org/2000/01/rdf-schema#comment" : [ {
    "@language" : "en",
    "@value" : "A Drug used as intervention"
  } ],
  "http://www.w3.org/2000/01/rdf-schema#isDefinedBy" : [ {
    "@id" : "http://data.cochrane.org/ontologies/core/"
  } ],
  "http://www.w3.org/2000/01/rdf-schema#label" : [ {
    "@language" : "en",
    "@value" : "Drug"
  } ],
  "http://www.w3.org/2000/01/rdf-schema#subClassOf" : [ {
    "@id" : "http://data.cochrane.org/ontologies/core/Material"
  } ]
}, {
  "@id" : "http://data.cochrane.org/ontologies/core/DrugCategory",
  "@type" : [ "http://www.w3.org/2002/07/owl#Class" ],
  "http://www.w3.org/2000/01/rdf-schema#comment" : [ {
    "@language" : "en",
    "@value" : "A category or class of drug"
  } ],
  "http://www.w3.org/2000/01/rdf-schema#isDefinedBy" : [ {
    "@id" : "http://data.cochrane.org/ontologies/core/"
  } ],
  "http://www.w3.org/2000/01/rdf-schema#label" : [ {
    "@language" : "en",
    "@value" : "DrugCategory"
  } ],
  "http://www.w3.org/2000/01/rdf-schema#subClassOf" : [ {
    "@id" : "http://data.cochrane.org/ontologies/core/InterventionCategory"
  } ]
}, {
  "@id" : "http://data.cochrane.org/ontologies/core/InterventionCategory",
  "@type" : [ "http://www.w3.org/2002/07/owl#Class" ],
  "http://www.w3.org/2000/01/rdf-schema#comment" : [ {
    "@language" : "en",
    "@value" : "A category or class of applied intervention"
  } ],
  "http://www.w3.org/2000/01/rdf-schema#isDefinedBy" : [ {
    "@id" : "http://data.cochrane.org/ontologies/core/"
  } ],
  "http://www.w3.org/2000/01/rdf-schema#label" : [ {
    "@language" : "en",
    "@value" : "InterventionCategory"
  } ],
  "http://www.w3.org/2000/01/rdf-schema#subClassOf" : [ {
    "@id" : "http://data.cochrane.org/ontologies/core/AppliedIntervention"
  } ]
}, {
  "@id" : "http://data.cochrane.org/ontologies/core/InterventionClassification",
  "@type" : [ "http://www.w3.org/2002/07/owl#Class" ],
  "http://www.w3.org/2000/01/rdf-schema#comment" : [ {
    "@language" : "en",
    "@value" : "The classification of an intervention."
  } ],
  "http://www.w3.org/2000/01/rdf-schema#isDefinedBy" : [ {
    "@id" : "http://data.cochrane.org/ontologies/core/"
  } ],
  "http://www.w3.org/2000/01/rdf-schema#label" : [ {
    "@language" : "en",
    "@value" : "InterventionClassification"
  } ],
  "http://www.w3.org/2000/01/rdf-schema#subClassOf" : [ {
    "@id" : "http://data.cochrane.org/ontologies/core/Concept"
  } ]
}, {
  "@id" : "http://data.cochrane.org/ontologies/core/InterventionProvider",
  "@type" : [ "http://www.w3.org/2002/07/owl#Class" ],
  "http://www.w3.org/2000/01/rdf-schema#comment" : [ {
    "@language" : "en",
    "@value" : "Some agent that provides or delivers an intervention."
  } ],
  "http://www.w3.org/2000/01/rdf-schema#isDefinedBy" : [ {
    "@id" : "http://data.cochrane.org/ontologies/core/"
  } ],
  "http://www.w3.org/2000/01/rdf-schema#label" : [ {
    "@language" : "en",
    "@value" : "InterventionProvider"
  } ],
  "http://www.w3.org/2000/01/rdf-schema#subClassOf" : [ {
    "@id" : "http://data.cochrane.org/ontologies/core/Concept"
  } ]
}, {
  "@id" : "http://data.cochrane.org/ontologies/core/InterventionRationale",
  "@type" : [ "http://www.w3.org/2002/07/owl#Class" ],
  "http://www.w3.org/2000/01/rdf-schema#comment" : [ {
    "@language" : "en",
    "@value" : "The rationale for providing an intervention."
  } ],
  "http://www.w3.org/2000/01/rdf-schema#isDefinedBy" : [ {
    "@id" : "http://data.cochrane.org/ontologies/core/"
  } ],
  "http://www.w3.org/2000/01/rdf-schema#label" : [ {
    "@language" : "en",
    "@value" : "InterventionRationale"
  } ],
  "http://www.w3.org/2000/01/rdf-schema#subClassOf" : [ {
    "@id" : "http://data.cochrane.org/ontologies/core/Concept"
  } ]
}, {
  "@id" : "http://data.cochrane.org/ontologies/core/Material",
  "@type" : [ "http://www.w3.org/2002/07/owl#Class" ],
  "http://www.w3.org/2000/01/rdf-schema#comment" : [ {
    "@language" : "en",
    "@value" : "A material used as intervention"
  } ],
  "http://www.w3.org/2000/01/rdf-schema#isDefinedBy" : [ {
    "@id" : "http://data.cochrane.org/ontologies/core/"
  } ],
  "http://www.w3.org/2000/01/rdf-schema#label" : [ {
    "@language" : "en",
    "@value" : "Material"
  } ],
  "http://www.w3.org/2000/01/rdf-schema#subClassOf" : [ {
    "@id" : "http://data.cochrane.org/ontologies/core/AppliedIntervention"
  } ]
}, {
  "@id" : "http://data.cochrane.org/ontologies/core/ModeOfDelivery",
  "@type" : [ "http://www.w3.org/2002/07/owl#Class" ],
  "http://www.w3.org/2000/01/rdf-schema#comment" : [ {
    "@language" : "en",
    "@value" : "The mechanism by which an intervention is delivered."
  } ],
  "http://www.w3.org/2000/01/rdf-schema#isDefinedBy" : [ {
    "@id" : "http://data.cochrane.org/ontologies/core/"
  } ],
  "http://www.w3.org/2000/01/rdf-schema#label" : [ {
    "@language" : "en",
    "@value" : "ModeOfDelivery"
  } ],
  "http://www.w3.org/2000/01/rdf-schema#subClassOf" : [ {
    "@id" : "http://data.cochrane.org/ontologies/core/Concept"
  } ]
}, {
  "@id" : "http://data.cochrane.org/ontologies/core/OutcomeClassification",
  "@type" : [ "http://www.w3.org/2002/07/owl#Class" ],
  "http://www.w3.org/2000/01/rdf-schema#comment" : [ {
    "@language" : "en",
    "@value" : "The classification of an outcome."
  } ],
  "http://www.w3.org/2000/01/rdf-schema#isDefinedBy" : [ {
    "@id" : "http://data.cochrane.org/ontologies/core/"
  } ],
  "http://www.w3.org/2000/01/rdf-schema#label" : [ {
    "@language" : "en",
    "@value" : "OutcomeClassification"
  } ],
  "http://www.w3.org/2000/01/rdf-schema#subClassOf" : [ {
    "@id" : "http://data.cochrane.org/ontologies/core/Concept"
  } ]
}, {
  "@id" : "http://data.cochrane.org/ontologies/core/Procedure",
  "@type" : [ "http://www.w3.org/2002/07/owl#Class" ],
  "http://www.w3.org/2000/01/rdf-schema#comment" : [ {
    "@language" : "en",
    "@value" : "A Procedure used as intervention"
  } ],
  "http://www.w3.org/2000/01/rdf-schema#isDefinedBy" : [ {
    "@id" : "http://data.cochrane.org/ontologies/core/"
  } ],
  "http://www.w3.org/2000/01/rdf-schema#label" : [ {
    "@language" : "en",
    "@value" : "Procedure"
  } ],
  "http://www.w3.org/2000/01/rdf-schema#subClassOf" : [ {
    "@id" : "http://data.cochrane.org/ontologies/core/AppliedIntervention"
  } ]
}, {
  "@id" : "http://data.cochrane.org/ontologies/core/ProcedureCategory",
  "@type" : [ "http://www.w3.org/2002/07/owl#Class" ],
  "http://www.w3.org/2000/01/rdf-schema#comment" : [ {
    "@language" : "en",
    "@value" : "A category or class of procedure"
  } ],
  "http://www.w3.org/2000/01/rdf-schema#isDefinedBy" : [ {
    "@id" : "http://data.cochrane.org/ontologies/core/"
  } ],
  "http://www.w3.org/2000/01/rdf-schema#label" : [ {
    "@language" : "en",
    "@value" : "ProcedureCategory"
  } ],
  "http://www.w3.org/2000/01/rdf-schema#subClassOf" : [ {
    "@id" : "http://data.cochrane.org/ontologies/core/InterventionCategory"
  } ]
}, {
  "@id" : "http://data.cochrane.org/ontologies/core/Setting",
  "@type" : [ "http://www.w3.org/2002/07/owl#Class" ],
  "http://www.w3.org/2000/01/rdf-schema#comment" : [ {
    "@language" : "en",
    "@value" : "The setting in which an intervention is delivered (eg clininc, hospital, at home)."
  } ],
  "http://www.w3.org/2000/01/rdf-schema#isDefinedBy" : [ {
    "@id" : "http://data.cochrane.org/ontologies/core/"
  } ],
  "http://www.w3.org/2000/01/rdf-schema#label" : [ {
    "@language" : "en",
    "@value" : "Setting"
  } ],
  "http://www.w3.org/2000/01/rdf-schema#subClassOf" : [ {
    "@id" : "http://data.cochrane.org/ontologies/core/Concept"
  } ]
}, {
  "@id" : "http://data.cochrane.org/ontologies/core/Sex",
  "@type" : [ "http://www.w3.org/2002/07/owl#Class" ],
  "http://www.w3.org/2000/01/rdf-schema#comment" : [ {
    "@language" : "en",
    "@value" : "A Sex of some defined population."
  } ],
  "http://www.w3.org/2000/01/rdf-schema#isDefinedBy" : [ {
    "@id" : "http://data.cochrane.org/ontologies/core/"
  } ],
  "http://www.w3.org/2000/01/rdf-schema#label" : [ {
    "@language" : "en",
    "@value" : "Sex"
  } ],
  "http://www.w3.org/2000/01/rdf-schema#subClassOf" : [ {
    "@id" : "http://data.cochrane.org/ontologies/core/Concept"
  } ]
}, {
  "@id" : "http://data.cochrane.org/ontologies/core/SpecificMetric",
  "@type" : [ "http://www.w3.org/2002/07/owl#Class" ],
  "http://www.w3.org/2000/01/rdf-schema#comment" : [ {
    "@language" : "en",
    "@value" : "A specific metric used in defining an outcome."
  } ],
  "http://www.w3.org/2000/01/rdf-schema#isDefinedBy" : [ {
    "@id" : "http://data.cochrane.org/ontologies/core/"
  } ],
  "http://www.w3.org/2000/01/rdf-schema#label" : [ {
    "@language" : "en",
    "@value" : "SpecificMetric"
  } ],
  "http://www.w3.org/2000/01/rdf-schema#subClassOf" : [ {
    "@id" : "http://data.cochrane.org/ontologies/core/Concept"
  } ]
}, {
  "@id" : "http://data.cochrane.org/ontologies/core/Thing",
  "@type" : [ "http://www.w3.org/2002/07/owl#Class" ],
  "http://www.w3.org/2000/01/rdf-schema#comment" : [ {
    "@language" : "en",
    "@value" : "A Thing"
  } ],
  "http://www.w3.org/2000/01/rdf-schema#isDefinedBy" : [ {
    "@id" : "http://data.cochrane.org/ontologies/core/"
  } ],
  "http://www.w3.org/2000/01/rdf-schema#label" : [ {
    "@language" : "en",
    "@value" : "Thing"
  } ]
}, {
  "@id" : "http://data.cochrane.org/ontologies/core/Treatment",
  "@type" : [ "http://www.w3.org/2002/07/owl#Class" ],
  "http://www.w3.org/2000/01/rdf-schema#comment" : [ {
    "@language" : "en",
    "@value" : "A Treatment some population is undergoing."
  } ],
  "http://www.w3.org/2000/01/rdf-schema#isDefinedBy" : [ {
    "@id" : "http://data.cochrane.org/ontologies/core/"
  } ],
  "http://www.w3.org/2000/01/rdf-schema#label" : [ {
    "@language" : "en",
    "@value" : "Treatment"
  } ],
  "http://www.w3.org/2000/01/rdf-schema#subClassOf" : [ {
    "@id" : "http://data.cochrane.org/ontologies/core/Concept"
  } ]
}, {
  "@id" : "http://data.cochrane.org/ontologies/core/alternateLabel",
  "@type" : [ "http://www.w3.org/2002/07/owl#DatatypeProperty" ],
  "http://www.w3.org/2000/01/rdf-schema#alternateLabel" : [ {
    "@language" : "en",
    "@value" : "alternateLabel"
  } ],
  "http://www.w3.org/2000/01/rdf-schema#comment" : [ {
    "@language" : "en",
    "@value" : "The alternate label or synonym of something."
  } ],
  "http://www.w3.org/2000/01/rdf-schema#domain" : [ {
    "@id" : "http://data.cochrane.org/ontologies/core/Thing"
  } ],
  "http://www.w3.org/2000/01/rdf-schema#isDefinedBy" : [ {
    "@id" : "http://data.cochrane.org/ontologies/core/"
  } ],
  "http://www.w3.org/2000/01/rdf-schema#range" : [ {
    "@id" : "http://www.w3.org/1999/02/22-rdf-syntax-ns#langString"
  } ]
}, {
  "@id" : "http://data.cochrane.org/ontologies/core/broaderConcept",
  "@type" : [ "http://www.w3.org/2002/07/owl#ObjectProperty" ],
  "http://www.w3.org/2000/01/rdf-schema#comment" : [ {
    "@language" : "en",
    "@value" : "Relates a Concept to a broader one in the same concept scheme."
  } ],
  "http://www.w3.org/2000/01/rdf-schema#domain" : [ {
    "@id" : "http://data.cochrane.org/ontologies/core/Concept"
  } ],
  "http://www.w3.org/2000/01/rdf-schema#isDefinedBy" : [ {
    "@id" : "http://data.cochrane.org/ontologies/core/"
  } ],
  "http://www.w3.org/2000/01/rdf-schema#label" : [ {
    "@language" : "en",
    "@value" : "broaderConcept"
  } ],
  "http://www.w3.org/2000/01/rdf-schema#range" : [ {
    "@id" : "http://data.cochrane.org/ontologies/core/Concept"
  } ]
}, {
  "@id" : "http://data.cochrane.org/ontologies/core/equivalentConcept",
  "@type" : [ "http://www.w3.org/2002/07/owl#ObjectProperty" ],
  "http://www.w3.org/2000/01/rdf-schema#comment" : [ {
    "@language" : "en",
    "@value" : "Relates a Concept to an equivalent one."
  } ],
  "http://www.w3.org/2000/01/rdf-schema#domain" : [ {
    "@id" : "http://data.cochrane.org/ontologies/core/Concept"
  } ],
  "http://www.w3.org/2000/01/rdf-schema#isDefinedBy" : [ {
    "@id" : "http://data.cochrane.org/ontologies/core/"
  } ],
  "http://www.w3.org/2000/01/rdf-schema#label" : [ {
    "@language" : "en",
    "@value" : "equivalentConcept"
  } ],
  "http://www.w3.org/2000/01/rdf-schema#range" : [ {
    "@id" : "http://data.cochrane.org/ontologies/core/Concept"
  } ]
}, {
  "@id" : "http://data.cochrane.org/ontologies/core/inCategory",
  "@type" : [ "http://www.w3.org/2002/07/owl#ObjectProperty" ],
  "http://www.w3.org/2000/01/rdf-schema#comment" : [ {
    "@language" : "en",
    "@value" : "Relates an intervention to an intervention category."
  } ],
  "http://www.w3.org/2000/01/rdf-schema#domain" : [ {
    "@id" : "http://data.cochrane.org/ontologies/core/Concept"
  } ],
  "http://www.w3.org/2000/01/rdf-schema#isDefinedBy" : [ {
    "@id" : "http://data.cochrane.org/ontologies/core/"
  } ],
  "http://www.w3.org/2000/01/rdf-schema#label" : [ {
    "@language" : "en",
    "@value" : "inCategory"
  } ],
  "http://www.w3.org/2000/01/rdf-schema#range" : [ {
    "@id" : "http://data.cochrane.org/ontologies/core/AppliedIntervention"
  } ],
  "http://www.w3.org/2000/01/rdf-schema#subPropertyOf" : [ {
    "@id" : "http://data.cochrane.org/ontologies/core/broaderConcept"
  } ]
}, {
  "@id" : "http://data.cochrane.org/ontologies/core/inConceptScheme",
  "@type" : [ "http://www.w3.org/2002/07/owl#ObjectProperty" ],
  "http://www.w3.org/2000/01/rdf-schema#comment" : [ {
    "@language" : "en",
    "@value" : "Relates a Concept to its ConceptScheme"
  } ],
  "http://www.w3.org/2000/01/rdf-schema#domain" : [ {
    "@id" : "http://data.cochrane.org/ontologies/core/Concept"
  } ],
  "http://www.w3.org/2000/01/rdf-schema#isDefinedBy" : [ {
    "@id" : "http://data.cochrane.org/ontologies/core/"
  } ],
  "http://www.w3.org/2000/01/rdf-schema#label" : [ {
    "@language" : "en",
    "@value" : "inConceptScheme"
  } ],
  "http://www.w3.org/2000/01/rdf-schema#range" : [ {
    "@id" : "http://data.cochrane.org/ontologies/core/ConceptScheme"
  } ]
}, {
  "@id" : "http://data.cochrane.org/ontologies/core/label",
  "@type" : [ "http://www.w3.org/2002/07/owl#AnnotationProperty", "http://www.w3.org/2002/07/owl#DatatypeProperty" ],
  "http://www.w3.org/2000/01/rdf-schema#comment" : [ {
    "@language" : "en",
    "@value" : "The label of something."
  } ],
  "http://www.w3.org/2000/01/rdf-schema#domain" : [ {
    "@id" : "http://data.cochrane.org/ontologies/core/Thing"
  } ],
  "http://www.w3.org/2000/01/rdf-schema#isDefinedBy" : [ {
    "@id" : "http://data.cochrane.org/ontologies/core/"
  } ],
  "http://www.w3.org/2000/01/rdf-schema#label" : [ {
    "@language" : "en",
    "@value" : "label"
  } ],
  "http://www.w3.org/2000/01/rdf-schema#range" : [ {
    "@id" : "http://www.w3.org/1999/02/22-rdf-syntax-ns#langString"
  } ],
  "http://www.w3.org/2000/01/rdf-schema#subPropertyOf" : [ {
    "@id" : "http://www.w3.org/2000/01/rdf-schema#label"
  } ]
}, {
  "@id" : "http://data.cochrane.org/ontologies/core/lastModifiedDate",
  "@type" : [ "http://www.w3.org/2002/07/owl#DatatypeProperty" ],
  "http://www.w3.org/2000/01/rdf-schema#comment" : [ {
    "@language" : "en",
    "@value" : "The date/time a concept was last modified (workflow/provenance)."
  } ],
  "http://www.w3.org/2000/01/rdf-schema#domain" : [ {
    "@id" : "http://data.cochrane.org/ontologies/core/Concept"
  } ],
  "http://www.w3.org/2000/01/rdf-schema#isDefinedBy" : [ {
    "@id" : "http://data.cochrane.org/ontologies/core/"
  } ],
  "http://www.w3.org/2000/01/rdf-schema#label" : [ {
    "@language" : "en",
    "@value" : "lastModifiedDate"
  } ],
  "http://www.w3.org/2000/01/rdf-schema#range" : [ {
    "@id" : "http://www.w3.org/2001/XMLSchema#dateTime"
  } ]
}, {
  "@id" : "http://data.cochrane.org/ontologies/core/longLabel",
  "@type" : [ "http://www.w3.org/2002/07/owl#DatatypeProperty" ],
  "http://www.w3.org/2000/01/rdf-schema#comment" : [ {
    "@language" : "en",
    "@value" : "The long label of something."
  } ],
  "http://www.w3.org/2000/01/rdf-schema#domain" : [ {
    "@id" : "http://data.cochrane.org/ontologies/core/Thing"
  } ],
  "http://www.w3.org/2000/01/rdf-schema#isDefinedBy" : [ {
    "@id" : "http://data.cochrane.org/ontologies/core/"
  } ],
  "http://www.w3.org/2000/01/rdf-schema#longLabel" : [ {
    "@language" : "en",
    "@value" : "longLabel"
  } ],
  "http://www.w3.org/2000/01/rdf-schema#range" : [ {
    "@id" : "http://www.w3.org/1999/02/22-rdf-syntax-ns#langString"
  } ]
}, {
  "@id" : "http://data.cochrane.org/ontologies/core/modifiedBy",
  "@type" : [ "http://www.w3.org/2002/07/owl#DatatypeProperty" ],
  "http://www.w3.org/2000/01/rdf-schema#comment" : [ {
    "@language" : "en",
    "@value" : "The agent that modified the concept (workflow/provenance)."
  } ],
  "http://www.w3.org/2000/01/rdf-schema#domain" : [ {
    "@id" : "http://data.cochrane.org/ontologies/core/Concept"
  } ],
  "http://www.w3.org/2000/01/rdf-schema#isDefinedBy" : [ {
    "@id" : "http://data.cochrane.org/ontologies/core/"
  } ],
  "http://www.w3.org/2000/01/rdf-schema#label" : [ {
    "@language" : "en",
    "@value" : "modifiedBy"
  } ],
  "http://www.w3.org/2000/01/rdf-schema#range" : [ {
    "@id" : "http://www.w3.org/2001/XMLSchema#string"
  } ]
}, {
  "@id" : "http://data.cochrane.org/ontologies/core/narrowerConcept",
  "@type" : [ "http://www.w3.org/2002/07/owl#ObjectProperty" ],
  "http://www.w3.org/2000/01/rdf-schema#comment" : [ {
    "@language" : "en",
    "@value" : "Relates a Concept to a narrower one in the same concept scheme."
  } ],
  "http://www.w3.org/2000/01/rdf-schema#domain" : [ {
    "@id" : "http://data.cochrane.org/ontologies/core/Concept"
  } ],
  "http://www.w3.org/2000/01/rdf-schema#isDefinedBy" : [ {
    "@id" : "http://data.cochrane.org/ontologies/core/"
  } ],
  "http://www.w3.org/2000/01/rdf-schema#label" : [ {
    "@language" : "en",
    "@value" : "narrowerConcept"
  } ],
  "http://www.w3.org/2000/01/rdf-schema#range" : [ {
    "@id" : "http://data.cochrane.org/ontologies/core/Concept"
  } ]
}, {
  "@id" : "http://data.cochrane.org/ontologies/core/shortLabel",
  "@type" : [ "http://www.w3.org/2002/07/owl#DatatypeProperty" ],
  "http://www.w3.org/2000/01/rdf-schema#comment" : [ {
    "@language" : "en",
    "@value" : "The short label of something."
  } ],
  "http://www.w3.org/2000/01/rdf-schema#domain" : [ {
    "@id" : "http://data.cochrane.org/ontologies/core/Thing"
  } ],
  "http://www.w3.org/2000/01/rdf-schema#isDefinedBy" : [ {
    "@id" : "http://data.cochrane.org/ontologies/core/"
  } ],
  "http://www.w3.org/2000/01/rdf-schema#range" : [ {
    "@id" : "http://www.w3.org/1999/02/22-rdf-syntax-ns#langString"
  } ],
  "http://www.w3.org/2000/01/rdf-schema#shortLabel" : [ {
    "@language" : "en",
    "@value" : "shortLabel"
  } ]
}, {
  "@id" : "http://purl.org/dc/elements/1.1/abstract",
  "@type" : [ "http://www.w3.org/2002/07/owl#AnnotationProperty" ]
}, {
  "@id" : "http://purl.org/dc/elements/1.1/creator",
  "@type" : [ "http://www.w3.org/2002/07/owl#AnnotationProperty" ]
}, {
  "@id" : "http://purl.org/dc/elements/1.1/publisher",
  "@type" : [ "http://www.w3.org/2002/07/owl#AnnotationProperty" ]
}, {
  "@id" : "http://purl.org/dc/terms/created",
  "@type" : [ "http://www.w3.org/2002/07/owl#AnnotationProperty" ]
}, {
  "@id" : "http://purl.org/dc/terms/description",
  "@type" : [ "http://www.w3.org/2002/07/owl#AnnotationProperty" ]
}, {
  "@id" : "http://purl.org/dc/terms/modified",
  "@type" : [ "http://www.w3.org/2002/07/owl#AnnotationProperty" ]
}, {
  "@id" : "http://purl.org/dc/terms/rights",
  "@type" : [ "http://www.w3.org/2002/07/owl#AnnotationProperty" ]
}, {
  "@id" : "http://purl.org/dc/terms/title",
  "@type" : [ "http://www.w3.org/2002/07/owl#AnnotationProperty" ]
}, {
  "@id" : "http://purl.org/vocab/vann/preferredNamespacePrefix",
  "@type" : [ "http://www.w3.org/2002/07/owl#AnnotationProperty" ]
}, {
  "@id" : "http://purl.org/vocab/vann/preferredNamespaceUri",
  "@type" : [ "http://www.w3.org/2002/07/owl#AnnotationProperty" ]
}, {
  "@id" : "http://schema.org/image",
  "@type" : [ "http://www.w3.org/2002/07/owl#AnnotationProperty" ]
}, {
  "@id" : "http://www.w3.org/2000/01/rdf-schema#alternateLabel",
  "@type" : [ "http://www.w3.org/2002/07/owl#AnnotationProperty" ]
}, {
  "@id" : "http://www.w3.org/2000/01/rdf-schema#longLabel",
  "@type" : [ "http://www.w3.org/2002/07/owl#AnnotationProperty" ]
}, {
  "@id" : "http://www.w3.org/2000/01/rdf-schema#shortLabel",
  "@type" : [ "http://www.w3.org/2002/07/owl#AnnotationProperty" ]
} ]
