[ {
  "@id" : "http://data.cochrane.org/ontologies/pico/",
  "@type" : [ "http://www.w3.org/2002/07/owl#Ontology" ],
  "http://purl.org/dc/elements/1.1/abstract" : [ {
    "@language" : "en",
    "@value" : "The PICO ontology provides a machine accessible version of the PICO framework. It essentially provides a model for describing evidence in a consistent way. The model allows the specifying of complex populations, detailed interventions and their comparisons as well as the outcomes considered.\n                 The PICO ontology was originally designed to model the questions asked and answered in Cochrane's systematic reviews. As a leader in the field of evidence based healthcare Cochrane uses the PICO model when framing and publishing evidence based questions.\n                 The PICO model is widely adopted for describing healthcare evidence, furthermore is equally applicable in other evidence-based domains. It essentially provides a model for describing evidence in a consistent way.\n    dcterms:description \"The PICO ontology describes questions in evidence based healthcare with the intention of supporting the publishing of evidence as linked data."
  } ],
  "http://purl.org/dc/elements/1.1/creator" : [ {
    "@value" : "Chris Mavergames"
  }, {
    "@value" : "Julian Everett"
  }, {
    "@value" : "Lorne Becker"
  }, {
    "@value" : "Paul Wilton"
  }, {
    "@value" : "Silver Oliver"
  } ],
  "http://purl.org/dc/elements/1.1/publisher" : [ {
    "@value" : "Cochrane"
  } ],
  "http://purl.org/dc/terms/created" : [ {
    "@type" : "http://www.w3.org/2001/XMLSchema#date",
    "@value" : "2014-02-06"
  } ],
  "http://purl.org/dc/terms/modified" : [ {
    "@type" : "http://www.w3.org/2001/XMLSchema#date",
    "@value" : "2019-09-06"
  } ],
  "http://purl.org/dc/terms/rights" : [ {
    "@language" : "en",
    "@value" : "Copyright Cochrane 2020. Creative Commons License: CC BY-NC-ND : Attribution-NonCommercial-NoDerivs : https://creativecommons.org/licenses/by-nc-nd/4.0"
  } ],
  "http://purl.org/dc/terms/title" : [ {
    "@language" : "en",
    "@value" : "Cochrane PICO Ontology"
  } ],
  "http://purl.org/vocab/vann/preferredNamespacePrefix" : [ {
    "@value" : "cp"
  } ],
  "http://purl.org/vocab/vann/preferredNamespaceUri" : [ {
    "@value" : "http://data.cochrane.org/ontologies/pico/"
  } ],
  "http://schema.org/image" : [ {
    "@value" : "https://data.cochrane.org/ontologies/pico/PICO-ontology.png"
  } ],
  "http://www.w3.org/2000/01/rdf-schema#comment" : [ {
    "@language" : "en",
    "@value" : "The PICO ontology describes questions in evidence based healthcare with the intention of supporting the publishing of evidence as linked data."
  } ],
  "http://www.w3.org/2002/07/owl#versionInfo" : [ {
    "@value" : "4.0.1"
  } ]
}, {
  "@id" : "http://data.cochrane.org/ontologies/pico/Age",
  "@type" : [ "http://www.w3.org/2002/07/owl#Class" ],
  "http://www.w3.org/2000/01/rdf-schema#comment" : [ {
    "@language" : "en",
    "@value" : "The age of a population group"
  } ],
  "http://www.w3.org/2000/01/rdf-schema#isDefinedBy" : [ {
    "@id" : "http://data.cochrane.org/ontologies/pico/"
  } ],
  "http://www.w3.org/2000/01/rdf-schema#label" : [ {
    "@language" : "en",
    "@value" : "Age"
  } ]
}, {
  "@id" : "http://data.cochrane.org/ontologies/pico/AggregationMethod",
  "@type" : [ "http://www.w3.org/2002/07/owl#Class" ],
  "http://www.w3.org/2000/01/rdf-schema#comment" : [ {
    "@value" : "Outcome aggregation method"
  } ],
  "http://www.w3.org/2000/01/rdf-schema#isDefinedBy" : [ {
    "@id" : "http://data.cochrane.org/ontologies/pico/"
  } ],
  "http://www.w3.org/2000/01/rdf-schema#label" : [ {
    "@language" : "en",
    "@value" : "AggregationMethod"
  } ]
}, {
  "@id" : "http://data.cochrane.org/ontologies/pico/AppliedIntervention",
  "@type" : [ "http://www.w3.org/2002/07/owl#Class" ],
  "http://www.w3.org/2000/01/rdf-schema#comment" : [ {
    "@language" : "en",
    "@value" : "Abstract class, the intervention applied (procedure, materials etc)"
  } ],
  "http://www.w3.org/2000/01/rdf-schema#isDefinedBy" : [ {
    "@id" : "http://data.cochrane.org/ontologies/pico/"
  } ],
  "http://www.w3.org/2000/01/rdf-schema#label" : [ {
    "@language" : "en",
    "@value" : "AppliedIntervention"
  } ]
}, {
  "@id" : "http://data.cochrane.org/ontologies/pico/AssessmentScale",
  "@type" : [ "http://www.w3.org/2002/07/owl#Class" ],
  "http://www.w3.org/2000/01/rdf-schema#comment" : [ {
    "@language" : "en",
    "@value" : "Outcome assessment scale, e.g. SCTID:273249006"
  } ],
  "http://www.w3.org/2000/01/rdf-schema#isDefinedBy" : [ {
    "@id" : "http://data.cochrane.org/ontologies/pico/"
  } ],
  "http://www.w3.org/2000/01/rdf-schema#label" : [ {
    "@language" : "en",
    "@value" : "AssessmentScale"
  } ]
}, {
  "@id" : "http://data.cochrane.org/ontologies/pico/Condition",
  "@type" : [ "http://www.w3.org/2002/07/owl#Class" ],
  "http://www.w3.org/2000/01/rdf-schema#comment" : [ {
    "@language" : "en",
    "@value" : "Conditions for example illness or disease."
  } ],
  "http://www.w3.org/2000/01/rdf-schema#isDefinedBy" : [ {
    "@id" : "http://data.cochrane.org/ontologies/pico/"
  } ],
  "http://www.w3.org/2000/01/rdf-schema#label" : [ {
    "@language" : "en",
    "@value" : "Condition"
  } ]
}, {
  "@id" : "http://data.cochrane.org/ontologies/pico/Dose",
  "@type" : [ "http://www.w3.org/2002/07/owl#Class" ],
  "http://www.w3.org/2000/01/rdf-schema#comment" : [ {
    "@language" : "en",
    "@value" : "Dose in an intervention"
  } ],
  "http://www.w3.org/2000/01/rdf-schema#isDefinedBy" : [ {
    "@id" : "http://data.cochrane.org/ontologies/pico/"
  } ],
  "http://www.w3.org/2000/01/rdf-schema#label" : [ {
    "@language" : "en",
    "@value" : "Dose"
  } ]
}, {
  "@id" : "http://data.cochrane.org/ontologies/pico/Duration",
  "@type" : [ "http://www.w3.org/2002/07/owl#Class" ],
  "http://www.w3.org/2000/01/rdf-schema#comment" : [ {
    "@language" : "en",
    "@value" : "Duration of some action"
  } ],
  "http://www.w3.org/2000/01/rdf-schema#isDefinedBy" : [ {
    "@id" : "http://data.cochrane.org/ontologies/pico/"
  } ],
  "http://www.w3.org/2000/01/rdf-schema#label" : [ {
    "@language" : "en",
    "@value" : "Duration"
  } ]
}, {
  "@id" : "http://data.cochrane.org/ontologies/pico/Intervention",
  "@type" : [ "http://www.w3.org/2002/07/owl#Class" ],
  "http://www.w3.org/2000/01/rdf-schema#comment" : [ {
    "@language" : "en",
    "@value" : "An intervention in a PICO question is an action under consideration for this population."
  } ],
  "http://www.w3.org/2000/01/rdf-schema#isDefinedBy" : [ {
    "@id" : "http://data.cochrane.org/ontologies/pico/"
  } ],
  "http://www.w3.org/2000/01/rdf-schema#label" : [ {
    "@language" : "en",
    "@value" : "Intervention"
  } ]
}, {
  "@id" : "http://data.cochrane.org/ontologies/pico/InterventionClassification",
  "@type" : [ "http://www.w3.org/2002/07/owl#Class" ],
  "http://www.w3.org/2000/01/rdf-schema#comment" : [ {
    "@language" : "en",
    "@value" : "The type of intervention"
  } ],
  "http://www.w3.org/2000/01/rdf-schema#isDefinedBy" : [ {
    "@id" : "http://data.cochrane.org/ontologies/pico/"
  } ],
  "http://www.w3.org/2000/01/rdf-schema#label" : [ {
    "@language" : "en",
    "@value" : "Intervention Classification"
  } ]
}, {
  "@id" : "http://data.cochrane.org/ontologies/pico/InterventionGroup",
  "@type" : [ "http://www.w3.org/2002/07/owl#Class" ],
  "http://www.w3.org/2000/01/rdf-schema#comment" : [ {
    "@language" : "en",
    "@value" : "An intervention group is a group of interventions for example an arm of a trial."
  } ],
  "http://www.w3.org/2000/01/rdf-schema#isDefinedBy" : [ {
    "@id" : "http://data.cochrane.org/ontologies/pico/"
  } ],
  "http://www.w3.org/2000/01/rdf-schema#label" : [ {
    "@language" : "en",
    "@value" : "InterventionGroup"
  } ]
}, {
  "@id" : "http://data.cochrane.org/ontologies/pico/InterventionProvider",
  "@type" : [ "http://www.w3.org/2002/07/owl#Class" ],
  "http://www.w3.org/2000/01/rdf-schema#comment" : [ {
    "@language" : "en",
    "@value" : "The provider of an intervention"
  } ],
  "http://www.w3.org/2000/01/rdf-schema#isDefinedBy" : [ {
    "@id" : "http://data.cochrane.org/ontologies/pico/"
  } ],
  "http://www.w3.org/2000/01/rdf-schema#label" : [ {
    "@language" : "en",
    "@value" : "InterventionProvider"
  } ]
}, {
  "@id" : "http://data.cochrane.org/ontologies/pico/InterventionRationale",
  "@type" : [ "http://www.w3.org/2002/07/owl#Class" ],
  "http://www.w3.org/2000/01/rdf-schema#comment" : [ {
    "@language" : "en",
    "@value" : "The rationale of an intervention"
  } ],
  "http://www.w3.org/2000/01/rdf-schema#isDefinedBy" : [ {
    "@id" : "http://data.cochrane.org/ontologies/pico/"
  } ],
  "http://www.w3.org/2000/01/rdf-schema#label" : [ {
    "@language" : "en",
    "@value" : "InterventionRationale"
  } ]
}, {
  "@id" : "http://data.cochrane.org/ontologies/pico/ModeOfDelivery",
  "@type" : [ "http://www.w3.org/2002/07/owl#Class" ],
  "http://www.w3.org/2000/01/rdf-schema#comment" : [ {
    "@language" : "en",
    "@value" : "Mode of delivery for an intervention"
  } ],
  "http://www.w3.org/2000/01/rdf-schema#isDefinedBy" : [ {
    "@id" : "http://data.cochrane.org/ontologies/pico/"
  } ],
  "http://www.w3.org/2000/01/rdf-schema#label" : [ {
    "@language" : "en",
    "@value" : "ModeOfDelivery"
  } ]
}, {
  "@id" : "http://data.cochrane.org/ontologies/pico/Outcome",
  "@type" : [ "http://www.w3.org/2002/07/owl#Class" ],
  "http://www.w3.org/2000/01/rdf-schema#comment" : [ {
    "@value" : "The desired outcome of an intervention."
  } ],
  "http://www.w3.org/2000/01/rdf-schema#isDefinedBy" : [ {
    "@id" : "http://data.cochrane.org/ontologies/pico/"
  } ],
  "http://www.w3.org/2000/01/rdf-schema#label" : [ {
    "@language" : "en",
    "@value" : "Outcome"
  } ]
}, {
  "@id" : "http://data.cochrane.org/ontologies/pico/OutcomeClassification",
  "@type" : [ "http://www.w3.org/2002/07/owl#Class" ],
  "http://www.w3.org/2000/01/rdf-schema#comment" : [ {
    "@value" : "Classification scheme describing the type of outcome"
  } ],
  "http://www.w3.org/2000/01/rdf-schema#isDefinedBy" : [ {
    "@id" : "http://data.cochrane.org/ontologies/pico/"
  } ],
  "http://www.w3.org/2000/01/rdf-schema#label" : [ {
    "@language" : "en",
    "@value" : "OutcomeClassification"
  } ]
}, {
  "@id" : "http://data.cochrane.org/ontologies/pico/OutcomeDomain",
  "@type" : [ "http://www.w3.org/2002/07/owl#Class" ],
  "http://www.w3.org/2000/01/rdf-schema#comment" : [ {
    "@value" : "The outcome domain, typically a Condition."
  } ],
  "http://www.w3.org/2000/01/rdf-schema#isDefinedBy" : [ {
    "@id" : "http://data.cochrane.org/ontologies/pico/"
  } ],
  "http://www.w3.org/2000/01/rdf-schema#label" : [ {
    "@language" : "en",
    "@value" : "OutcomeDomain"
  } ]
}, {
  "@id" : "http://data.cochrane.org/ontologies/pico/OutcomeGroup",
  "@type" : [ "http://www.w3.org/2002/07/owl#Class" ],
  "http://www.w3.org/2000/01/rdf-schema#comment" : [ {
    "@language" : "en",
    "@value" : "An outcome group is a group of outcomes."
  } ],
  "http://www.w3.org/2000/01/rdf-schema#isDefinedBy" : [ {
    "@id" : "http://data.cochrane.org/ontologies/pico/"
  } ],
  "http://www.w3.org/2000/01/rdf-schema#label" : [ {
    "@language" : "en",
    "@value" : "OutcomeGroup"
  } ]
}, {
  "@id" : "http://data.cochrane.org/ontologies/pico/PICO",
  "@type" : [ "http://www.w3.org/2002/07/owl#Class" ],
  "http://www.w3.org/2000/01/rdf-schema#comment" : [ {
    "@language" : "en",
    "@value" : "A PICO class represents an object that defines a research or a clinical question."
  } ],
  "http://www.w3.org/2000/01/rdf-schema#isDefinedBy" : [ {
    "@id" : "http://data.cochrane.org/ontologies/pico/"
  } ],
  "http://www.w3.org/2000/01/rdf-schema#label" : [ {
    "@language" : "en",
    "@value" : "PICO"
  } ]
}, {
  "@id" : "http://data.cochrane.org/ontologies/pico/Population",
  "@type" : [ "http://www.w3.org/2002/07/owl#Class" ],
  "http://www.w3.org/2000/01/rdf-schema#comment" : [ {
    "@language" : "en",
    "@value" : "A population defines a group of people/patient in a PICO question."
  } ],
  "http://www.w3.org/2000/01/rdf-schema#isDefinedBy" : [ {
    "@id" : "http://data.cochrane.org/ontologies/pico/"
  } ],
  "http://www.w3.org/2000/01/rdf-schema#label" : [ {
    "@language" : "en",
    "@value" : "Population"
  } ]
}, {
  "@id" : "http://data.cochrane.org/ontologies/pico/Schedule",
  "@type" : [ "http://www.w3.org/2002/07/owl#Class" ],
  "http://www.w3.org/2000/01/rdf-schema#comment" : [ {
    "@value" : "Schedule of an intervention"
  } ],
  "http://www.w3.org/2000/01/rdf-schema#isDefinedBy" : [ {
    "@id" : "http://data.cochrane.org/ontologies/pico/"
  } ],
  "http://www.w3.org/2000/01/rdf-schema#label" : [ {
    "@language" : "en",
    "@value" : "Schedule"
  } ]
}, {
  "@id" : "http://data.cochrane.org/ontologies/pico/Setting",
  "@type" : [ "http://www.w3.org/2002/07/owl#Class" ],
  "http://www.w3.org/2000/01/rdf-schema#comment" : [ {
    "@language" : "en",
    "@value" : "Setting of an intervention"
  } ],
  "http://www.w3.org/2000/01/rdf-schema#isDefinedBy" : [ {
    "@id" : "http://data.cochrane.org/ontologies/pico/"
  } ],
  "http://www.w3.org/2000/01/rdf-schema#label" : [ {
    "@language" : "en",
    "@value" : "Setting"
  } ]
}, {
  "@id" : "http://data.cochrane.org/ontologies/pico/Sex",
  "@type" : [ "http://www.w3.org/2002/07/owl#Class" ],
  "http://www.w3.org/2000/01/rdf-schema#comment" : [ {
    "@language" : "en",
    "@value" : "The sex of a population group"
  } ],
  "http://www.w3.org/2000/01/rdf-schema#isDefinedBy" : [ {
    "@id" : "http://data.cochrane.org/ontologies/pico/"
  } ],
  "http://www.w3.org/2000/01/rdf-schema#label" : [ {
    "@language" : "en",
    "@value" : "Sex"
  } ]
}, {
  "@id" : "http://data.cochrane.org/ontologies/pico/SocialContext",
  "@type" : [ "http://www.w3.org/2002/07/owl#Class" ],
  "http://www.w3.org/2000/01/rdf-schema#comment" : [ {
    "@value" : "Social context of a population"
  } ],
  "http://www.w3.org/2000/01/rdf-schema#isDefinedBy" : [ {
    "@id" : "http://data.cochrane.org/ontologies/pico/"
  } ],
  "http://www.w3.org/2000/01/rdf-schema#label" : [ {
    "@language" : "en",
    "@value" : "SocialContext"
  } ]
}, {
  "@id" : "http://data.cochrane.org/ontologies/pico/SpecificMetric",
  "@type" : [ "http://www.w3.org/2002/07/owl#Class" ],
  "http://www.w3.org/2000/01/rdf-schema#comment" : [ {
    "@value" : "Specific metric of an outcome"
  } ],
  "http://www.w3.org/2000/01/rdf-schema#isDefinedBy" : [ {
    "@id" : "http://data.cochrane.org/ontologies/pico/"
  } ],
  "http://www.w3.org/2000/01/rdf-schema#label" : [ {
    "@language" : "en",
    "@value" : "SpecificMetric"
  } ]
}, {
  "@id" : "http://data.cochrane.org/ontologies/pico/Treatment",
  "@type" : [ "http://www.w3.org/2002/07/owl#Class" ],
  "http://www.w3.org/2000/01/rdf-schema#comment" : [ {
    "@value" : "Some treatment of a population"
  } ],
  "http://www.w3.org/2000/01/rdf-schema#isDefinedBy" : [ {
    "@id" : "http://data.cochrane.org/ontologies/pico/"
  } ],
  "http://www.w3.org/2000/01/rdf-schema#label" : [ {
    "@language" : "en",
    "@value" : "Treatment"
  } ]
}, {
  "@id" : "http://data.cochrane.org/ontologies/pico/age",
  "@type" : [ "http://www.w3.org/2002/07/owl#ObjectProperty" ],
  "http://www.w3.org/2000/01/rdf-schema#comment" : [ {
    "@language" : "en",
    "@value" : "The age of a population"
  } ],
  "http://www.w3.org/2000/01/rdf-schema#domain" : [ {
    "@id" : "http://data.cochrane.org/ontologies/pico/Population"
  } ],
  "http://www.w3.org/2000/01/rdf-schema#isDefinedBy" : [ {
    "@id" : "http://data.cochrane.org/ontologies/pico/"
  } ],
  "http://www.w3.org/2000/01/rdf-schema#label" : [ {
    "@language" : "en",
    "@value" : "age"
  } ],
  "http://www.w3.org/2000/01/rdf-schema#range" : [ {
    "@id" : "http://data.cochrane.org/ontologies/pico/Age"
  } ]
}, {
  "@id" : "http://data.cochrane.org/ontologies/pico/aggregationMethod",
  "@type" : [ "http://www.w3.org/2002/07/owl#ObjectProperty" ],
  "http://www.w3.org/2000/01/rdf-schema#comment" : [ {
    "@language" : "en",
    "@value" : "The aggregation method of an outcome."
  } ],
  "http://www.w3.org/2000/01/rdf-schema#domain" : [ {
    "@id" : "http://data.cochrane.org/ontologies/pico/Outcome"
  } ],
  "http://www.w3.org/2000/01/rdf-schema#isDefinedBy" : [ {
    "@id" : "http://data.cochrane.org/ontologies/pico/"
  } ],
  "http://www.w3.org/2000/01/rdf-schema#label" : [ {
    "@language" : "en",
    "@value" : "aggregationMethod"
  } ],
  "http://www.w3.org/2000/01/rdf-schema#range" : [ {
    "@id" : "http://data.cochrane.org/ontologies/pico/AggregationMethod"
  } ]
}, {
  "@id" : "http://data.cochrane.org/ontologies/pico/appliedIntervention",
  "@type" : [ "http://www.w3.org/2002/07/owl#ObjectProperty" ],
  "http://proton.semanticweb.org/protonsys#transitiveOver" : [ {
    "@id" : "http://data.cochrane.org/ontologies/core/broaderConcept"
  } ],
  "http://www.w3.org/2000/01/rdf-schema#comment" : [ {
    "@language" : "en",
    "@value" : "Associates an appliedIntervention (material, procedure) with a PICO Intervention instance."
  } ],
  "http://www.w3.org/2000/01/rdf-schema#domain" : [ {
    "@id" : "http://data.cochrane.org/ontologies/pico/Intervention"
  } ],
  "http://www.w3.org/2000/01/rdf-schema#isDefinedBy" : [ {
    "@id" : "http://data.cochrane.org/ontologies/pico/"
  } ],
  "http://www.w3.org/2000/01/rdf-schema#label" : [ {
    "@language" : "en",
    "@value" : "appliedIntervention"
  } ],
  "http://www.w3.org/2000/01/rdf-schema#range" : [ {
    "@id" : "http://data.cochrane.org/ontologies/pico/AppliedIntervention"
  } ]
}, {
  "@id" : "http://data.cochrane.org/ontologies/pico/childIntervention",
  "@type" : [ "http://www.w3.org/2002/07/owl#ObjectProperty" ],
  "http://www.w3.org/2000/01/rdf-schema#comment" : [ {
    "@language" : "en",
    "@value" : "The child intervention"
  } ],
  "http://www.w3.org/2000/01/rdf-schema#domain" : [ {
    "@id" : "http://data.cochrane.org/ontologies/pico/Intervention"
  } ],
  "http://www.w3.org/2000/01/rdf-schema#isDefinedBy" : [ {
    "@id" : "http://data.cochrane.org/ontologies/pico/"
  } ],
  "http://www.w3.org/2000/01/rdf-schema#label" : [ {
    "@language" : "en",
    "@value" : "childIntervention"
  } ],
  "http://www.w3.org/2000/01/rdf-schema#range" : [ {
    "@id" : "http://data.cochrane.org/ontologies/pico/Intervention"
  } ]
}, {
  "@id" : "http://data.cochrane.org/ontologies/pico/childOutcome",
  "@type" : [ "http://www.w3.org/2002/07/owl#ObjectProperty" ],
  "http://www.w3.org/2000/01/rdf-schema#comment" : [ {
    "@language" : "en",
    "@value" : "The child outcome"
  } ],
  "http://www.w3.org/2000/01/rdf-schema#domain" : [ {
    "@id" : "http://data.cochrane.org/ontologies/pico/Outcome"
  } ],
  "http://www.w3.org/2000/01/rdf-schema#isDefinedBy" : [ {
    "@id" : "http://data.cochrane.org/ontologies/pico/"
  } ],
  "http://www.w3.org/2000/01/rdf-schema#label" : [ {
    "@language" : "en",
    "@value" : "childOutcome"
  } ],
  "http://www.w3.org/2000/01/rdf-schema#range" : [ {
    "@id" : "http://data.cochrane.org/ontologies/pico/Outcome"
  } ]
}, {
  "@id" : "http://data.cochrane.org/ontologies/pico/comparatorGroup",
  "@type" : [ "http://www.w3.org/2002/07/owl#ObjectProperty" ],
  "http://www.w3.org/2000/01/rdf-schema#comment" : [ {
    "@language" : "en",
    "@value" : "A comparator intervention group"
  } ],
  "http://www.w3.org/2000/01/rdf-schema#domain" : [ {
    "@id" : "http://data.cochrane.org/ontologies/pico/PICO"
  } ],
  "http://www.w3.org/2000/01/rdf-schema#isDefinedBy" : [ {
    "@id" : "http://data.cochrane.org/ontologies/pico/"
  } ],
  "http://www.w3.org/2000/01/rdf-schema#label" : [ {
    "@language" : "en",
    "@value" : "comparatorGroup"
  } ],
  "http://www.w3.org/2000/01/rdf-schema#range" : [ {
    "@id" : "http://data.cochrane.org/ontologies/pico/InterventionGroup"
  } ]
}, {
  "@id" : "http://data.cochrane.org/ontologies/pico/condition",
  "@type" : [ "http://www.w3.org/2002/07/owl#ObjectProperty" ],
  "http://proton.semanticweb.org/protonsys#transitiveOver" : [ {
    "@id" : "http://data.cochrane.org/ontologies/core/broaderConcept"
  } ],
  "http://www.w3.org/2000/01/rdf-schema#comment" : [ {
    "@language" : "en",
    "@value" : "A precondition of the population."
  } ],
  "http://www.w3.org/2000/01/rdf-schema#domain" : [ {
    "@id" : "http://data.cochrane.org/ontologies/pico/Population"
  } ],
  "http://www.w3.org/2000/01/rdf-schema#isDefinedBy" : [ {
    "@id" : "http://data.cochrane.org/ontologies/pico/"
  } ],
  "http://www.w3.org/2000/01/rdf-schema#label" : [ {
    "@language" : "en",
    "@value" : "condition"
  } ],
  "http://www.w3.org/2000/01/rdf-schema#range" : [ {
    "@id" : "http://data.cochrane.org/ontologies/pico/Condition"
  } ]
}, {
  "@id" : "http://data.cochrane.org/ontologies/pico/dose",
  "@type" : [ "http://www.w3.org/2002/07/owl#ObjectProperty" ],
  "http://www.w3.org/2000/01/rdf-schema#comment" : [ {
    "@language" : "en",
    "@value" : "Dose used in an intervention"
  } ],
  "http://www.w3.org/2000/01/rdf-schema#domain" : [ {
    "@id" : "http://data.cochrane.org/ontologies/pico/Intervention"
  } ],
  "http://www.w3.org/2000/01/rdf-schema#isDefinedBy" : [ {
    "@id" : "http://data.cochrane.org/ontologies/pico/"
  } ],
  "http://www.w3.org/2000/01/rdf-schema#label" : [ {
    "@language" : "en",
    "@value" : "dose"
  } ],
  "http://www.w3.org/2000/01/rdf-schema#range" : [ {
    "@id" : "http://data.cochrane.org/ontologies/pico/Dose"
  } ]
}, {
  "@id" : "http://data.cochrane.org/ontologies/pico/duration",
  "@type" : [ "http://www.w3.org/2002/07/owl#ObjectProperty" ],
  "http://www.w3.org/2000/01/rdf-schema#comment" : [ {
    "@language" : "en",
    "@value" : "duration of an intervention"
  } ],
  "http://www.w3.org/2000/01/rdf-schema#domain" : [ {
    "@id" : "http://data.cochrane.org/ontologies/pico/Intervention"
  } ],
  "http://www.w3.org/2000/01/rdf-schema#isDefinedBy" : [ {
    "@id" : "http://data.cochrane.org/ontologies/pico/"
  } ],
  "http://www.w3.org/2000/01/rdf-schema#label" : [ {
    "@language" : "en",
    "@value" : "duration"
  } ],
  "http://www.w3.org/2000/01/rdf-schema#range" : [ {
    "@id" : "http://data.cochrane.org/ontologies/pico/Duration"
  } ]
}, {
  "@id" : "http://data.cochrane.org/ontologies/pico/endpoint",
  "@type" : [ "http://www.w3.org/2002/07/owl#ObjectProperty" ],
  "http://www.w3.org/2000/01/rdf-schema#comment" : [ {
    "@language" : "en",
    "@value" : "An endpoint of an outcome group, by duration"
  } ],
  "http://www.w3.org/2000/01/rdf-schema#domain" : [ {
    "@id" : "http://data.cochrane.org/ontologies/pico/OutcomeGroup"
  } ],
  "http://www.w3.org/2000/01/rdf-schema#isDefinedBy" : [ {
    "@id" : "http://data.cochrane.org/ontologies/pico/"
  } ],
  "http://www.w3.org/2000/01/rdf-schema#label" : [ {
    "@language" : "en",
    "@value" : "endpoint"
  } ],
  "http://www.w3.org/2000/01/rdf-schema#range" : [ {
    "@id" : "http://data.cochrane.org/ontologies/pico/Duration"
  } ]
}, {
  "@id" : "http://data.cochrane.org/ontologies/pico/excludedIntervention",
  "@type" : [ "http://www.w3.org/2002/07/owl#ObjectProperty" ],
  "http://www.w3.org/2000/01/rdf-schema#comment" : [ {
    "@language" : "en",
    "@value" : "An excluded intervention."
  } ],
  "http://www.w3.org/2000/01/rdf-schema#domain" : [ {
    "@id" : "http://data.cochrane.org/ontologies/pico/InterventionGroup"
  } ],
  "http://www.w3.org/2000/01/rdf-schema#isDefinedBy" : [ {
    "@id" : "http://data.cochrane.org/ontologies/pico/"
  } ],
  "http://www.w3.org/2000/01/rdf-schema#label" : [ {
    "@language" : "en",
    "@value" : "excludedIntervention"
  } ],
  "http://www.w3.org/2000/01/rdf-schema#range" : [ {
    "@id" : "http://data.cochrane.org/ontologies/pico/Intervention"
  } ]
}, {
  "@id" : "http://data.cochrane.org/ontologies/pico/excludedOutcome",
  "@type" : [ "http://www.w3.org/2002/07/owl#ObjectProperty" ],
  "http://www.w3.org/2000/01/rdf-schema#comment" : [ {
    "@language" : "en",
    "@value" : "An excluded outcome."
  } ],
  "http://www.w3.org/2000/01/rdf-schema#domain" : [ {
    "@id" : "http://data.cochrane.org/ontologies/pico/OutcomeGroup"
  } ],
  "http://www.w3.org/2000/01/rdf-schema#isDefinedBy" : [ {
    "@id" : "http://data.cochrane.org/ontologies/pico/"
  } ],
  "http://www.w3.org/2000/01/rdf-schema#label" : [ {
    "@language" : "en",
    "@value" : "excludedOutcome"
  } ],
  "http://www.w3.org/2000/01/rdf-schema#range" : [ {
    "@id" : "http://data.cochrane.org/ontologies/pico/Outcome"
  } ]
}, {
  "@id" : "http://data.cochrane.org/ontologies/pico/excludedPopulation",
  "@type" : [ "http://www.w3.org/2002/07/owl#ObjectProperty" ],
  "http://www.w3.org/2000/01/rdf-schema#comment" : [ {
    "@language" : "en",
    "@value" : "An excluded sub-population."
  } ],
  "http://www.w3.org/2000/01/rdf-schema#domain" : [ {
    "@id" : "http://data.cochrane.org/ontologies/pico/PICO"
  } ],
  "http://www.w3.org/2000/01/rdf-schema#isDefinedBy" : [ {
    "@id" : "http://data.cochrane.org/ontologies/pico/"
  } ],
  "http://www.w3.org/2000/01/rdf-schema#label" : [ {
    "@language" : "en",
    "@value" : "excludedPopulation"
  } ],
  "http://www.w3.org/2000/01/rdf-schema#range" : [ {
    "@id" : "http://data.cochrane.org/ontologies/pico/Population"
  } ]
}, {
  "@id" : "http://data.cochrane.org/ontologies/pico/intervention",
  "@type" : [ "http://www.w3.org/2002/07/owl#ObjectProperty" ],
  "http://www.w3.org/2000/01/rdf-schema#comment" : [ {
    "@language" : "en",
    "@value" : "An intervention"
  } ],
  "http://www.w3.org/2000/01/rdf-schema#domain" : [ {
    "@id" : "http://data.cochrane.org/ontologies/pico/InterventionGroup"
  } ],
  "http://www.w3.org/2000/01/rdf-schema#isDefinedBy" : [ {
    "@id" : "http://data.cochrane.org/ontologies/pico/"
  } ],
  "http://www.w3.org/2000/01/rdf-schema#label" : [ {
    "@language" : "en",
    "@value" : "intervention"
  } ],
  "http://www.w3.org/2000/01/rdf-schema#range" : [ {
    "@id" : "http://data.cochrane.org/ontologies/pico/Intervention"
  } ]
}, {
  "@id" : "http://data.cochrane.org/ontologies/pico/interventionClassification",
  "@type" : [ "http://www.w3.org/2002/07/owl#ObjectProperty" ],
  "http://www.w3.org/2000/01/rdf-schema#comment" : [ {
    "@language" : "en",
    "@value" : "The type of intervention."
  } ],
  "http://www.w3.org/2000/01/rdf-schema#domain" : [ {
    "@id" : "http://data.cochrane.org/ontologies/pico/Intervention"
  } ],
  "http://www.w3.org/2000/01/rdf-schema#isDefinedBy" : [ {
    "@id" : "http://data.cochrane.org/ontologies/pico/"
  } ],
  "http://www.w3.org/2000/01/rdf-schema#label" : [ {
    "@language" : "en",
    "@value" : "interventionClassification"
  } ],
  "http://www.w3.org/2000/01/rdf-schema#range" : [ {
    "@id" : "http://data.cochrane.org/ontologies/pico/InterventionClassification"
  } ]
}, {
  "@id" : "http://data.cochrane.org/ontologies/pico/interventionGroup",
  "@type" : [ "http://www.w3.org/2002/07/owl#ObjectProperty" ],
  "http://www.w3.org/2000/01/rdf-schema#comment" : [ {
    "@language" : "en",
    "@value" : "An intervention group"
  } ],
  "http://www.w3.org/2000/01/rdf-schema#domain" : [ {
    "@id" : "http://data.cochrane.org/ontologies/pico/PICO"
  } ],
  "http://www.w3.org/2000/01/rdf-schema#isDefinedBy" : [ {
    "@id" : "http://data.cochrane.org/ontologies/pico/"
  } ],
  "http://www.w3.org/2000/01/rdf-schema#label" : [ {
    "@language" : "en",
    "@value" : "interventionGroup"
  } ],
  "http://www.w3.org/2000/01/rdf-schema#range" : [ {
    "@id" : "http://data.cochrane.org/ontologies/pico/InterventionGroup"
  } ]
}, {
  "@id" : "http://data.cochrane.org/ontologies/pico/interventionProvider",
  "@type" : [ "http://www.w3.org/2002/07/owl#ObjectProperty" ],
  "http://www.w3.org/2000/01/rdf-schema#comment" : [ {
    "@language" : "en",
    "@value" : "Intervention provider of an intervention"
  } ],
  "http://www.w3.org/2000/01/rdf-schema#domain" : [ {
    "@id" : "http://data.cochrane.org/ontologies/pico/Intervention"
  } ],
  "http://www.w3.org/2000/01/rdf-schema#isDefinedBy" : [ {
    "@id" : "http://data.cochrane.org/ontologies/pico/"
  } ],
  "http://www.w3.org/2000/01/rdf-schema#label" : [ {
    "@language" : "en",
    "@value" : "interventionProvider"
  } ],
  "http://www.w3.org/2000/01/rdf-schema#range" : [ {
    "@id" : "http://data.cochrane.org/ontologies/pico/InterventionProvider"
  } ]
}, {
  "@id" : "http://data.cochrane.org/ontologies/pico/interventionRationale",
  "@type" : [ "http://www.w3.org/2002/07/owl#ObjectProperty" ],
  "http://www.w3.org/2000/01/rdf-schema#comment" : [ {
    "@language" : "en",
    "@value" : "Rationale of an intervention"
  } ],
  "http://www.w3.org/2000/01/rdf-schema#domain" : [ {
    "@id" : "http://data.cochrane.org/ontologies/pico/Intervention"
  } ],
  "http://www.w3.org/2000/01/rdf-schema#isDefinedBy" : [ {
    "@id" : "http://data.cochrane.org/ontologies/pico/"
  } ],
  "http://www.w3.org/2000/01/rdf-schema#label" : [ {
    "@language" : "en",
    "@value" : "interventionRationale"
  } ],
  "http://www.w3.org/2000/01/rdf-schema#range" : [ {
    "@id" : "http://data.cochrane.org/ontologies/pico/InterventionRationale"
  } ]
}, {
  "@id" : "http://data.cochrane.org/ontologies/pico/isComparator",
  "@type" : [ "http://www.w3.org/2002/07/owl#DatatypeProperty" ],
  "http://www.w3.org/2000/01/rdf-schema#comment" : [ {
    "@language" : "en",
    "@value" : "The comparator flag (Deprecated)."
  } ],
  "http://www.w3.org/2000/01/rdf-schema#domain" : [ {
    "@id" : "http://data.cochrane.org/ontologies/pico/Intervention"
  } ],
  "http://www.w3.org/2000/01/rdf-schema#isDefinedBy" : [ {
    "@id" : "http://data.cochrane.org/ontologies/pico/"
  } ],
  "http://www.w3.org/2000/01/rdf-schema#label" : [ {
    "@language" : "en",
    "@value" : "isComparator"
  } ],
  "http://www.w3.org/2000/01/rdf-schema#range" : [ {
    "@id" : "http://www.w3.org/2001/XMLSchema#boolean"
  } ]
}, {
  "@id" : "http://data.cochrane.org/ontologies/pico/modeOfDelivery",
  "@type" : [ "http://www.w3.org/2002/07/owl#ObjectProperty" ],
  "http://www.w3.org/2000/01/rdf-schema#comment" : [ {
    "@language" : "en",
    "@value" : "mode of delivery"
  } ],
  "http://www.w3.org/2000/01/rdf-schema#domain" : [ {
    "@id" : "http://data.cochrane.org/ontologies/pico/Intervention"
  } ],
  "http://www.w3.org/2000/01/rdf-schema#isDefinedBy" : [ {
    "@id" : "http://data.cochrane.org/ontologies/pico/"
  } ],
  "http://www.w3.org/2000/01/rdf-schema#label" : [ {
    "@language" : "en",
    "@value" : "modeOfDelivery"
  } ],
  "http://www.w3.org/2000/01/rdf-schema#range" : [ {
    "@id" : "http://data.cochrane.org/ontologies/pico/ModeOfDelivery"
  } ]
}, {
  "@id" : "http://data.cochrane.org/ontologies/pico/numberOfParticipants",
  "@type" : [ "http://www.w3.org/2002/07/owl#DatatypeProperty" ],
  "http://www.w3.org/2000/01/rdf-schema#comment" : [ {
    "@language" : "en",
    "@value" : "The number of participants in a population an intervention is being applied to"
  } ],
  "http://www.w3.org/2000/01/rdf-schema#domain" : [ {
    "@id" : "http://data.cochrane.org/ontologies/pico/InterventionGroup"
  } ],
  "http://www.w3.org/2000/01/rdf-schema#isDefinedBy" : [ {
    "@id" : "http://data.cochrane.org/ontologies/pico/"
  } ],
  "http://www.w3.org/2000/01/rdf-schema#label" : [ {
    "@language" : "en",
    "@value" : "numberOfParticipants"
  } ],
  "http://www.w3.org/2000/01/rdf-schema#range" : [ {
    "@id" : "http://www.w3.org/2001/XMLSchema#int"
  } ]
}, {
  "@id" : "http://data.cochrane.org/ontologies/pico/outcome",
  "@type" : [ "http://www.w3.org/2002/07/owl#ObjectProperty" ],
  "http://www.w3.org/2000/01/rdf-schema#comment" : [ {
    "@language" : "en",
    "@value" : "Relates a outcome group to an outcome"
  } ],
  "http://www.w3.org/2000/01/rdf-schema#domain" : [ {
    "@id" : "http://data.cochrane.org/ontologies/pico/OutcomeGroup"
  } ],
  "http://www.w3.org/2000/01/rdf-schema#isDefinedBy" : [ {
    "@id" : "http://data.cochrane.org/ontologies/pico/"
  } ],
  "http://www.w3.org/2000/01/rdf-schema#label" : [ {
    "@language" : "en",
    "@value" : "outcome"
  } ],
  "http://www.w3.org/2000/01/rdf-schema#range" : [ {
    "@id" : "http://data.cochrane.org/ontologies/pico/Outcome"
  } ]
}, {
  "@id" : "http://data.cochrane.org/ontologies/pico/outcomeClassification",
  "@type" : [ "http://www.w3.org/2002/07/owl#ObjectProperty" ],
  "http://www.w3.org/2000/01/rdf-schema#comment" : [ {
    "@language" : "en",
    "@value" : "The type of outcome."
  } ],
  "http://www.w3.org/2000/01/rdf-schema#domain" : [ {
    "@id" : "http://data.cochrane.org/ontologies/pico/Outcome"
  } ],
  "http://www.w3.org/2000/01/rdf-schema#isDefinedBy" : [ {
    "@id" : "http://data.cochrane.org/ontologies/pico/"
  } ],
  "http://www.w3.org/2000/01/rdf-schema#label" : [ {
    "@language" : "en",
    "@value" : "outcomeClassification"
  } ],
  "http://www.w3.org/2000/01/rdf-schema#range" : [ {
    "@id" : "http://data.cochrane.org/ontologies/pico/OutcomeClassification"
  } ]
}, {
  "@id" : "http://data.cochrane.org/ontologies/pico/outcomeDomain",
  "@type" : [ "http://www.w3.org/2002/07/owl#ObjectProperty" ],
  "http://proton.semanticweb.org/protonsys#transitiveOver" : [ {
    "@id" : "http://data.cochrane.org/ontologies/core/broaderConcept"
  } ],
  "http://www.w3.org/2000/01/rdf-schema#comment" : [ {
    "@language" : "en",
    "@value" : "The domain of an outome, e.g. a side effect outcome, typically a condition."
  } ],
  "http://www.w3.org/2000/01/rdf-schema#domain" : [ {
    "@id" : "http://data.cochrane.org/ontologies/pico/Outcome"
  } ],
  "http://www.w3.org/2000/01/rdf-schema#isDefinedBy" : [ {
    "@id" : "http://data.cochrane.org/ontologies/pico/"
  } ],
  "http://www.w3.org/2000/01/rdf-schema#label" : [ {
    "@language" : "en",
    "@value" : "outcomeDomain"
  } ],
  "http://www.w3.org/2000/01/rdf-schema#range" : [ {
    "@id" : "http://data.cochrane.org/ontologies/pico/OutcomeDomain"
  } ]
}, {
  "@id" : "http://data.cochrane.org/ontologies/pico/outcomeGroup",
  "@type" : [ "http://www.w3.org/2002/07/owl#ObjectProperty" ],
  "http://www.w3.org/2000/01/rdf-schema#comment" : [ {
    "@language" : "en",
    "@value" : "Relates a pico to an outcome group"
  } ],
  "http://www.w3.org/2000/01/rdf-schema#domain" : [ {
    "@id" : "http://data.cochrane.org/ontologies/pico/PICO"
  } ],
  "http://www.w3.org/2000/01/rdf-schema#isDefinedBy" : [ {
    "@id" : "http://data.cochrane.org/ontologies/pico/"
  } ],
  "http://www.w3.org/2000/01/rdf-schema#label" : [ {
    "@language" : "en",
    "@value" : "outcomeGroup"
  } ],
  "http://www.w3.org/2000/01/rdf-schema#range" : [ {
    "@id" : "http://data.cochrane.org/ontologies/pico/OutcomeGroup"
  } ]
}, {
  "@id" : "http://data.cochrane.org/ontologies/pico/outcomeMeasurement",
  "@type" : [ "http://www.w3.org/2002/07/owl#ObjectProperty" ],
  "http://www.w3.org/2000/01/rdf-schema#comment" : [ {
    "@language" : "en",
    "@value" : "The outcome measurement assessment scale."
  } ],
  "http://www.w3.org/2000/01/rdf-schema#domain" : [ {
    "@id" : "http://data.cochrane.org/ontologies/pico/Outcome"
  } ],
  "http://www.w3.org/2000/01/rdf-schema#isDefinedBy" : [ {
    "@id" : "http://data.cochrane.org/ontologies/pico/"
  } ],
  "http://www.w3.org/2000/01/rdf-schema#label" : [ {
    "@language" : "en",
    "@value" : "outcomeMeasurement"
  } ],
  "http://www.w3.org/2000/01/rdf-schema#range" : [ {
    "@id" : "http://data.cochrane.org/ontologies/pico/AssessmentScale"
  } ]
}, {
  "@id" : "http://data.cochrane.org/ontologies/pico/outcomeText",
  "@type" : [ "http://www.w3.org/2002/07/owl#DatatypeProperty" ],
  "http://www.w3.org/2000/01/rdf-schema#comment" : [ {
    "@language" : "en",
    "@value" : "Free text associated with an Outcome."
  } ],
  "http://www.w3.org/2000/01/rdf-schema#domain" : [ {
    "@id" : "http://data.cochrane.org/ontologies/pico/Outcome"
  } ],
  "http://www.w3.org/2000/01/rdf-schema#isDefinedBy" : [ {
    "@id" : "http://data.cochrane.org/ontologies/pico/"
  } ],
  "http://www.w3.org/2000/01/rdf-schema#label" : [ {
    "@language" : "en",
    "@value" : "outcomeText"
  } ],
  "http://www.w3.org/2000/01/rdf-schema#range" : [ {
    "@id" : "http://www.w3.org/1999/02/22-rdf-syntax-ns#langString"
  } ]
}, {
  "@id" : "http://data.cochrane.org/ontologies/pico/outcomeTreatment",
  "@type" : [ "http://www.w3.org/2002/07/owl#ObjectProperty" ],
  "http://www.w3.org/2000/01/rdf-schema#comment" : [ {
    "@language" : "en",
    "@value" : "The outcome treatment."
  } ],
  "http://www.w3.org/2000/01/rdf-schema#domain" : [ {
    "@id" : "http://data.cochrane.org/ontologies/pico/Outcome"
  } ],
  "http://www.w3.org/2000/01/rdf-schema#isDefinedBy" : [ {
    "@id" : "http://data.cochrane.org/ontologies/pico/"
  } ],
  "http://www.w3.org/2000/01/rdf-schema#label" : [ {
    "@language" : "en",
    "@value" : "outcomeTreatment"
  } ],
  "http://www.w3.org/2000/01/rdf-schema#range" : [ {
    "@id" : "http://data.cochrane.org/ontologies/pico/Treatment"
  } ]
}, {
  "@id" : "http://data.cochrane.org/ontologies/pico/parentIntervention",
  "@type" : [ "http://www.w3.org/2002/07/owl#ObjectProperty" ],
  "http://www.w3.org/2000/01/rdf-schema#comment" : [ {
    "@language" : "en",
    "@value" : "The parent intervention"
  } ],
  "http://www.w3.org/2000/01/rdf-schema#domain" : [ {
    "@id" : "http://data.cochrane.org/ontologies/pico/Intervention"
  } ],
  "http://www.w3.org/2000/01/rdf-schema#isDefinedBy" : [ {
    "@id" : "http://data.cochrane.org/ontologies/pico/"
  } ],
  "http://www.w3.org/2000/01/rdf-schema#label" : [ {
    "@language" : "en",
    "@value" : "parentIntervention"
  } ],
  "http://www.w3.org/2000/01/rdf-schema#range" : [ {
    "@id" : "http://data.cochrane.org/ontologies/pico/Intervention"
  } ],
  "http://www.w3.org/2002/07/owl#inverseOf" : [ {
    "@id" : "http://data.cochrane.org/ontologies/pico/childIntervention"
  } ]
}, {
  "@id" : "http://data.cochrane.org/ontologies/pico/parentOutcome",
  "@type" : [ "http://www.w3.org/2002/07/owl#ObjectProperty" ],
  "http://www.w3.org/2000/01/rdf-schema#comment" : [ {
    "@language" : "en",
    "@value" : "References the parent outcome"
  } ],
  "http://www.w3.org/2000/01/rdf-schema#domain" : [ {
    "@id" : "http://data.cochrane.org/ontologies/pico/Outcome"
  } ],
  "http://www.w3.org/2000/01/rdf-schema#isDefinedBy" : [ {
    "@id" : "http://data.cochrane.org/ontologies/pico/"
  } ],
  "http://www.w3.org/2000/01/rdf-schema#label" : [ {
    "@language" : "en",
    "@value" : "parentOutcome"
  } ],
  "http://www.w3.org/2000/01/rdf-schema#range" : [ {
    "@id" : "http://data.cochrane.org/ontologies/pico/Outcome"
  } ],
  "http://www.w3.org/2002/07/owl#inverseOf" : [ {
    "@id" : "http://data.cochrane.org/ontologies/pico/childOutcome"
  } ]
}, {
  "@id" : "http://data.cochrane.org/ontologies/pico/population",
  "@type" : [ "http://www.w3.org/2002/07/owl#ObjectProperty" ],
  "http://www.w3.org/2000/01/rdf-schema#comment" : [ {
    "@language" : "en",
    "@value" : "A population"
  } ],
  "http://www.w3.org/2000/01/rdf-schema#domain" : [ {
    "@id" : "http://data.cochrane.org/ontologies/pico/PICO"
  } ],
  "http://www.w3.org/2000/01/rdf-schema#isDefinedBy" : [ {
    "@id" : "http://data.cochrane.org/ontologies/pico/"
  } ],
  "http://www.w3.org/2000/01/rdf-schema#label" : [ {
    "@language" : "en",
    "@value" : "population"
  } ],
  "http://www.w3.org/2000/01/rdf-schema#range" : [ {
    "@id" : "http://data.cochrane.org/ontologies/pico/Population"
  } ]
}, {
  "@id" : "http://data.cochrane.org/ontologies/pico/primaryEndpoint",
  "@type" : [ "http://www.w3.org/2002/07/owl#ObjectProperty" ],
  "http://www.w3.org/2000/01/rdf-schema#comment" : [ {
    "@language" : "en",
    "@value" : "The primary endpoint of an outcome group, by duration"
  } ],
  "http://www.w3.org/2000/01/rdf-schema#domain" : [ {
    "@id" : "http://data.cochrane.org/ontologies/pico/OutcomeGroup"
  } ],
  "http://www.w3.org/2000/01/rdf-schema#isDefinedBy" : [ {
    "@id" : "http://data.cochrane.org/ontologies/pico/"
  } ],
  "http://www.w3.org/2000/01/rdf-schema#label" : [ {
    "@language" : "en",
    "@value" : "primaryEndpoint"
  } ],
  "http://www.w3.org/2000/01/rdf-schema#range" : [ {
    "@id" : "http://data.cochrane.org/ontologies/pico/Duration"
  } ]
}, {
  "@id" : "http://data.cochrane.org/ontologies/pico/schedule",
  "@type" : [ "http://www.w3.org/2002/07/owl#ObjectProperty" ],
  "http://www.w3.org/2000/01/rdf-schema#comment" : [ {
    "@language" : "en",
    "@value" : "schedule of an intervention"
  } ],
  "http://www.w3.org/2000/01/rdf-schema#domain" : [ {
    "@id" : "http://data.cochrane.org/ontologies/pico/Intervention"
  } ],
  "http://www.w3.org/2000/01/rdf-schema#isDefinedBy" : [ {
    "@id" : "http://data.cochrane.org/ontologies/pico/"
  } ],
  "http://www.w3.org/2000/01/rdf-schema#label" : [ {
    "@language" : "en",
    "@value" : "schedule"
  } ],
  "http://www.w3.org/2000/01/rdf-schema#range" : [ {
    "@id" : "http://data.cochrane.org/ontologies/pico/Schedule"
  } ]
}, {
  "@id" : "http://data.cochrane.org/ontologies/pico/setting",
  "@type" : [ "http://www.w3.org/2002/07/owl#ObjectProperty" ],
  "http://www.w3.org/2000/01/rdf-schema#comment" : [ {
    "@language" : "en",
    "@value" : "setting of an intervention"
  } ],
  "http://www.w3.org/2000/01/rdf-schema#domain" : [ {
    "@id" : "http://data.cochrane.org/ontologies/pico/Intervention"
  } ],
  "http://www.w3.org/2000/01/rdf-schema#isDefinedBy" : [ {
    "@id" : "http://data.cochrane.org/ontologies/pico/"
  } ],
  "http://www.w3.org/2000/01/rdf-schema#label" : [ {
    "@language" : "en",
    "@value" : "setting"
  } ],
  "http://www.w3.org/2000/01/rdf-schema#range" : [ {
    "@id" : "http://data.cochrane.org/ontologies/pico/Setting"
  } ]
}, {
  "@id" : "http://data.cochrane.org/ontologies/pico/sex",
  "@type" : [ "http://www.w3.org/2002/07/owl#ObjectProperty" ],
  "http://www.w3.org/2000/01/rdf-schema#comment" : [ {
    "@language" : "en",
    "@value" : "The sex of a population"
  } ],
  "http://www.w3.org/2000/01/rdf-schema#domain" : [ {
    "@id" : "http://data.cochrane.org/ontologies/pico/Population"
  } ],
  "http://www.w3.org/2000/01/rdf-schema#isDefinedBy" : [ {
    "@id" : "http://data.cochrane.org/ontologies/pico/"
  } ],
  "http://www.w3.org/2000/01/rdf-schema#label" : [ {
    "@language" : "en",
    "@value" : "sex"
  } ],
  "http://www.w3.org/2000/01/rdf-schema#range" : [ {
    "@id" : "http://data.cochrane.org/ontologies/pico/Sex"
  } ]
}, {
  "@id" : "http://data.cochrane.org/ontologies/pico/socialContext",
  "@type" : [ "http://www.w3.org/2002/07/owl#ObjectProperty" ],
  "http://www.w3.org/2000/01/rdf-schema#comment" : [ {
    "@language" : "en",
    "@value" : "The social context of a population"
  } ],
  "http://www.w3.org/2000/01/rdf-schema#domain" : [ {
    "@id" : "http://data.cochrane.org/ontologies/pico/Population"
  } ],
  "http://www.w3.org/2000/01/rdf-schema#isDefinedBy" : [ {
    "@id" : "http://data.cochrane.org/ontologies/pico/"
  } ],
  "http://www.w3.org/2000/01/rdf-schema#label" : [ {
    "@language" : "en",
    "@value" : "socialContext"
  } ],
  "http://www.w3.org/2000/01/rdf-schema#range" : [ {
    "@id" : "http://data.cochrane.org/ontologies/pico/SocialContext"
  } ]
}, {
  "@id" : "http://data.cochrane.org/ontologies/pico/treatment",
  "@type" : [ "http://www.w3.org/2002/07/owl#ObjectProperty" ],
  "http://www.w3.org/2000/01/rdf-schema#comment" : [ {
    "@language" : "en",
    "@value" : "A treatment of a population"
  } ],
  "http://www.w3.org/2000/01/rdf-schema#domain" : [ {
    "@id" : "http://data.cochrane.org/ontologies/pico/Population"
  } ],
  "http://www.w3.org/2000/01/rdf-schema#isDefinedBy" : [ {
    "@id" : "http://data.cochrane.org/ontologies/pico/"
  } ],
  "http://www.w3.org/2000/01/rdf-schema#label" : [ {
    "@language" : "en",
    "@value" : "treatment"
  } ],
  "http://www.w3.org/2000/01/rdf-schema#range" : [ {
    "@id" : "http://data.cochrane.org/ontologies/pico/Treatment"
  } ]
}, {
  "@id" : "http://proton.semanticweb.org/protonsys#transitiveOver",
  "@type" : [ "http://www.w3.org/2002/07/owl#AnnotationProperty" ]
}, {
  "@id" : "http://purl.org/dc/elements/1.1/abstract",
  "@type" : [ "http://www.w3.org/2002/07/owl#AnnotationProperty" ]
}, {
  "@id" : "http://purl.org/dc/elements/1.1/creator",
  "@type" : [ "http://www.w3.org/2002/07/owl#AnnotationProperty" ]
}, {
  "@id" : "http://purl.org/dc/elements/1.1/publisher",
  "@type" : [ "http://www.w3.org/2002/07/owl#AnnotationProperty" ]
}, {
  "@id" : "http://purl.org/dc/terms/created",
  "@type" : [ "http://www.w3.org/2002/07/owl#AnnotationProperty" ]
}, {
  "@id" : "http://purl.org/dc/terms/modified",
  "@type" : [ "http://www.w3.org/2002/07/owl#AnnotationProperty" ]
}, {
  "@id" : "http://purl.org/dc/terms/rights",
  "@type" : [ "http://www.w3.org/2002/07/owl#AnnotationProperty" ]
}, {
  "@id" : "http://purl.org/dc/terms/title",
  "@type" : [ "http://www.w3.org/2002/07/owl#AnnotationProperty" ]
}, {
  "@id" : "http://purl.org/vocab/vann/preferredNamespacePrefix",
  "@type" : [ "http://www.w3.org/2002/07/owl#AnnotationProperty" ]
}, {
  "@id" : "http://purl.org/vocab/vann/preferredNamespaceUri",
  "@type" : [ "http://www.w3.org/2002/07/owl#AnnotationProperty" ]
}, {
  "@id" : "http://schema.org/image",
  "@type" : [ "http://www.w3.org/2002/07/owl#AnnotationProperty" ]
} ]
